product_id,category,price,margin_percentage,popularity_score
prod00001,fashion,377.67,38.28,73.2
prod00002,electronics,600.67,10.46,15.6
prod00003,beauty,62.79,35.32,60.11
prod00004,sports,709.53,5.72,96.99
prod00005,sports,833.28,12.43,18.18
prod00006,home_&_kitchen,187.49,15.65,52.48
prod00007,fashion,434.79,15.19,61.19
prod00008,fashion,143.8,15.23,36.64
prod00009,books,458.79,32.48,19.97
prod00010,electronics,516.66,25.73,4.65
prod00011,electronics,609.51,10.97,6.51
prod00012,fashion,949.14,38.8,80.84
prod00013,sports,308.09,8.42,68.42
prod00014,sports,442.95,9.27,49.52
prod00015,electronics,39.22,36.83,25.88
prod00016,sports,664.21,15.91,52.01
prod00017,books,548.98,11.47,96.96
prod00018,sports,776.26,37.88,89.48
prod00019,automotive,599.91,37.27,8.85
prod00020,beauty,200.0,6.58,32.53
prod00021,electronics,391.73,14.5,82.87
prod00022,home_&_kitchen,359.97,14.83,54.27
prod00023,books,145.22,33.08,7.46
prod00024,toys,986.95,32.03,19.87
prod00025,beauty,10.49,33.54,70.69
prod00026,home_&_kitchen,730.36,31.99,7.4
prod00027,sports,361.67,9.06,86.31
prod00028,toys,625.18,16.58,6.36
prod00029,fashion,314.43,16.38,72.96
prod00030,fashion,639.37,36.05,47.22
prod00031,books,124.0,29.96,76.08
prod00032,fashion,563.47,31.98,49.38
prod00033,toys,525.12,19.96,2.54
prod00034,toys,112.35,6.1,63.64
prod00035,beauty,317.78,22.8,90.76
prod00036,electronics,253.05,19.36,75.56
prod00037,automotive,232.65,7.69,28.98
prod00038,fashion,165.42,37.54,80.81
prod00039,books,635.24,35.5,80.37
prod00040,fashion,190.64,36.24,53.93
prod00041,beauty,808.4,36.36,31.8
prod00042,toys,114.5,12.98,42.71
prod00043,sports,818.92,35.13,0.7
prod00044,fashion,513.19,19.61,22.21
prod00045,electronics,124.27,16.82,94.29
prod00046,sports,326.59,23.16,70.3
prod00047,beauty,366.81,39.01,96.24
prod00048,fashion,255.52,22.4,30.09
prod00049,sports,288.42,6.29,60.96
prod00050,fashion,505.17,6.8,27.86
prod00051,books,908.72,13.38,14.49
prod00052,beauty,492.01,39.5,24.21
prod00053,automotive,673.77,31.66,23.76
prod00054,toys,729.58,17.87,63.23
prod00055,home_&_kitchen,635.36,23.75,9.03
prod00056,toys,836.13,16.23,18.65
prod00057,toys,45.57,25.68,67.76
prod00058,sports,21.5,22.92,22.65
prod00059,beauty,646.95,11.1,69.09
prod00060,fashion,389.8,37.79,13.75
prod00061,home_&_kitchen,344.36,8.97,92.47
prod00062,sports,877.95,14.03,66.0
prod00063,home_&_kitchen,818.14,24.43,52.97
prod00064,automotive,245.64,8.26,89.72
prod00065,books,900.92,27.16,33.9
prod00066,beauty,352.46,30.41,89.71
prod00067,sports,887.65,32.3,64.2
prod00068,toys,88.72,10.66,89.86
prod00069,electronics,608.4,5.32,10.15
prod00070,sports,665.18,5.18,16.08
prod00071,electronics,550.99,29.22,65.2
prod00072,toys,228.15,29.93,23.72
prod00073,books,328.77,31.13,64.96
prod00074,beauty,849.98,28.02,56.83
prod00075,fashion,98.21,17.87,26.52
prod00076,sports,247.77,39.06,39.31
prod00077,toys,892.59,27.09,79.48
prod00078,sports,505.12,25.19,49.25
prod00079,automotive,199.27,30.29,28.08
prod00080,books,29.19,27.59,17.71
prod00081,automotive,940.76,38.39,91.49
prod00082,home_&_kitchen,373.31,5.54,92.83
prod00083,beauty,431.04,38.83,96.36
prod00084,home_&_kitchen,853.74,15.31,38.51
prod00085,sports,851.88,16.09,16.95
prod00086,beauty,559.02,37.77,69.6
prod00087,books,572.21,8.4,61.5
prod00088,books,990.1,9.9,51.83
prod00089,toys,877.99,30.93,69.7
prod00090,sports,703.97,17.58,29.36
prod00091,home_&_kitchen,810.31,33.35,86.71
prod00092,automotive,913.67,22.9,50.15
prod00093,fashion,799.3,27.75,70.2
prod00094,electronics,796.81,36.15,33.8
prod00095,fashion,378.71,8.29,57.83
prod00096,home_&_kitchen,40.76,21.3,54.26
prod00097,home_&_kitchen,290.11,25.68,3.05
prod00098,books,42.16,33.79,36.02
prod00099,fashion,131.43,23.28,77.0
prod00100,books,219.74,26.8,8.53
prod00101,books,56.42,23.6,54.06
prod00102,automotive,639.24,30.41,97.59
prod00103,beauty,518.72,16.3,79.52
prod00104,electronics,274.48,20.36,7.85
prod00105,fashion,30.22,38.69,83.6
prod00106,beauty,697.49,19.31,17.33
prod00107,toys,160.65,13.76,54.92
prod00108,fashion,716.02,28.11,27.99
prod00109,beauty,955.09,30.83,55.44
prod00110,books,613.66,19.69,24.77
prod00111,home_&_kitchen,359.19,31.52,1.44
prod00112,automotive,120.49,6.61,4.07
prod00113,electronics,856.18,29.63,47.42
prod00114,beauty,102.34,22.21,47.35
prod00115,home_&_kitchen,177.34,20.18,39.85
prod00116,fashion,617.77,27.23,4.53
prod00117,beauty,377.74,26.91,50.31
prod00118,sports,857.21,28.05,16.29
prod00119,home_&_kitchen,75.22,27.48,2.65
prod00120,toys,587.85,37.91,57.55
prod00121,home_&_kitchen,391.23,27.52,45.83
prod00122,electronics,547.89,37.95,38.61
prod00123,toys,961.38,36.69,19.58
prod00124,automotive,74.01,8.53,1.82
prod00125,electronics,98.97,28.91,7.12
prod00126,fashion,322.38,34.57,2.33
prod00127,toys,815.4,14.86,11.82
prod00128,beauty,698.25,27.01,87.75
prod00129,sports,736.4,33.12,28.2
prod00130,electronics,181.55,31.27,80.68
prod00131,sports,990.55,19.44,37.2
prod00132,fashion,777.53,16.93,93.08
prod00133,fashion,859.12,20.01,75.09
prod00134,automotive,755.77,8.61,90.26
prod00135,fashion,507.73,33.93,32.0
prod00136,home_&_kitchen,896.05,18.62,1.08
prod00137,home_&_kitchen,905.86,8.2,31.93
prod00138,automotive,950.31,38.27,57.34
prod00139,home_&_kitchen,633.68,20.7,29.32
prod00140,beauty,332.02,28.54,75.24
prod00141,books,792.62,32.64,9.12
prod00142,sports,496.95,7.01,54.95
prod00143,sports,444.32,36.07,35.09
prod00144,beauty,121.48,10.0,76.15
prod00145,books,620.13,8.54,8.41
prod00146,toys,702.46,7.55,82.19
prod00147,automotive,707.71,7.85,8.48
prod00148,automotive,986.71,18.1,37.06
prod00149,fashion,813.74,38.15,98.6
prod00150,sports,754.61,18.17,8.35
prod00151,sports,778.26,24.54,42.42
prod00152,fashion,906.82,8.89,49.26
prod00153,toys,16.3,21.4,5.63
prod00154,electronics,123.22,9.11,64.92
prod00155,sports,747.31,25.42,96.22
prod00156,sports,378.0,15.0,86.86
prod00157,electronics,227.48,38.71,1.22
prod00158,fashion,970.03,6.51,89.11
prod00159,electronics,530.06,39.75,7.38
prod00160,sports,556.09,38.93,52.31
prod00161,fashion,631.25,29.35,45.45
prod00162,electronics,629.42,25.45,90.12
prod00163,toys,50.22,14.83,95.04
prod00164,fashion,890.81,20.95,62.01
prod00165,sports,280.99,11.58,46.37
prod00166,beauty,356.59,25.43,7.77
prod00167,automotive,974.52,39.52,69.82
prod00168,sports,538.42,15.83,81.38
prod00169,home_&_kitchen,686.31,10.69,91.09
prod00170,automotive,823.42,38.24,72.57
prod00171,sports,615.35,19.64,93.27
prod00172,automotive,866.73,6.58,2.64
prod00173,books,379.58,33.37,98.73
prod00174,sports,154.66,25.79,38.09
prod00175,fashion,970.06,34.47,83.83
prod00176,fashion,471.35,19.52,27.34
prod00177,books,61.09,35.27,81.29
prod00178,toys,999.72,39.88,55.54
prod00179,books,770.14,38.07,84.96
prod00180,books,251.11,20.77,12.92
prod00181,automotive,954.28,26.22,22.86
prod00182,electronics,673.34,26.63,35.82
prod00183,fashion,117.99,28.51,52.03
prod00184,electronics,773.46,23.21,85.22
prod00185,books,554.15,24.63,87.67
prod00186,toys,406.47,9.69,2.88
prod00187,fashion,756.36,26.71,70.41
prod00188,sports,216.9,9.77,1.45
prod00189,sports,353.83,25.65,39.22
prod00190,sports,440.29,36.65,34.83
prod00191,automotive,516.42,32.43,39.65
prod00192,home_&_kitchen,623.98,35.18,94.95
prod00193,books,151.34,37.43,49.21
prod00194,home_&_kitchen,261.95,21.07,98.0
prod00195,beauty,495.16,16.51,63.34
prod00196,automotive,243.94,7.66,12.89
prod00197,sports,132.41,10.32,13.88
prod00198,fashion,642.67,11.37,34.57
prod00199,automotive,897.3,21.59,66.76
prod00200,fashion,176.46,11.73,4.09
prod00201,electronics,173.09,14.75,17.7
prod00202,electronics,93.26,9.22,46.08
prod00203,fashion,210.3,17.75,50.34
prod00204,sports,691.94,6.38,79.94
prod00205,home_&_kitchen,629.76,7.86,87.36
prod00206,books,921.27,7.14,27.69
prod00207,automotive,807.17,31.19,18.45
prod00208,automotive,213.3,17.97,48.45
prod00209,sports,620.16,17.91,46.25
prod00210,books,748.73,6.28,25.24
prod00211,electronics,714.78,36.33,51.17
prod00212,home_&_kitchen,534.45,8.75,44.74
prod00213,books,534.95,13.49,26.92
prod00214,electronics,380.4,5.7,32.21
prod00215,books,215.39,16.46,11.98
prod00216,beauty,891.07,25.78,67.91
prod00217,automotive,790.23,22.45,8.69
prod00218,beauty,539.42,25.54,74.54
prod00219,books,434.5,9.47,28.38
prod00220,automotive,366.27,27.61,57.08
prod00221,home_&_kitchen,359.32,39.53,60.58
prod00222,sports,241.04,8.56,15.29
prod00223,beauty,249.73,10.62,18.66
prod00224,sports,288.67,11.07,89.68
prod00225,electronics,84.83,23.36,41.04
prod00226,electronics,982.47,8.92,39.79
prod00227,toys,969.62,35.29,81.71
prod00228,electronics,261.61,10.98,66.86
prod00229,electronics,929.73,24.49,57.16
prod00230,automotive,283.58,31.93,18.7
prod00231,home_&_kitchen,327.06,19.89,50.76
prod00232,electronics,246.2,9.02,61.06
prod00233,fashion,292.19,25.34,15.44
prod00234,home_&_kitchen,483.73,23.64,5.18
prod00235,fashion,339.92,9.7,6.34
prod00236,fashion,990.01,16.28,80.99
prod00237,sports,258.37,28.85,76.02
prod00238,books,597.66,21.51,41.18
prod00239,fashion,352.12,37.53,83.06
prod00240,sports,965.2,9.35,73.09
prod00241,electronics,938.65,11.34,6.65
prod00242,fashion,742.42,25.11,84.18
prod00243,books,144.07,32.83,20.16
prod00244,toys,167.84,10.75,81.46
prod00245,beauty,666.87,23.31,35.88
prod00246,sports,877.81,18.74,81.66
prod00247,toys,441.94,18.19,46.27
prod00248,sports,304.87,31.17,50.27
prod00249,beauty,236.05,36.49,38.39
prod00250,books,545.84,36.73,62.42
prod00251,home_&_kitchen,121.31,37.89,62.77
prod00252,beauty,338.23,9.87,79.4
prod00253,automotive,621.97,23.67,89.39
prod00254,toys,789.65,10.31,31.17
prod00255,fashion,252.25,31.04,3.35
prod00256,electronics,572.04,31.69,87.68
prod00257,automotive,345.37,33.74,11.06
prod00258,fashion,847.22,9.46,39.73
prod00259,fashion,798.31,10.25,22.93
prod00260,sports,723.64,30.2,64.11
prod00261,beauty,695.48,24.0,25.18
prod00262,home_&_kitchen,348.97,11.36,90.85
prod00263,toys,585.47,19.03,46.2
prod00264,fashion,947.55,10.37,58.62
prod00265,sports,508.36,26.4,1.81
prod00266,toys,872.76,37.62,56.51
prod00267,beauty,698.17,37.29,70.72
prod00268,home_&_kitchen,156.78,25.17,60.67
prod00269,automotive,427.01,30.78,93.44
prod00270,beauty,925.94,20.78,11.32
prod00271,electronics,984.92,34.36,12.47
prod00272,beauty,921.24,35.45,51.88
prod00273,fashion,593.32,18.97,5.48
prod00274,home_&_kitchen,338.52,33.1,0.46
prod00275,beauty,336.83,18.94,53.74
prod00276,fashion,920.26,17.12,34.7
prod00277,fashion,738.81,20.83,22.46
prod00278,home_&_kitchen,455.18,9.93,17.64
prod00279,beauty,500.88,19.66,91.48
prod00280,beauty,365.58,25.32,63.23
prod00281,sports,18.03,28.22,17.8
prod00282,toys,961.26,10.2,41.46
prod00283,sports,89.92,39.89,50.22
prod00284,beauty,597.41,7.35,75.0
prod00285,automotive,213.86,36.43,20.51
prod00286,beauty,194.73,6.28,47.21
prod00287,electronics,567.02,7.3,77.55
prod00288,fashion,456.02,23.35,44.08
prod00289,books,403.76,24.59,15.52
prod00290,beauty,186.02,35.16,94.61
prod00291,electronics,376.44,14.48,64.4
prod00292,electronics,411.69,5.89,15.62
prod00293,toys,717.39,28.06,2.71
prod00294,home_&_kitchen,225.86,13.09,67.19
prod00295,beauty,24.61,8.64,79.99
prod00296,home_&_kitchen,182.65,27.85,23.82
prod00297,automotive,103.94,13.51,72.23
prod00298,books,856.42,34.06,39.72
prod00299,electronics,669.74,12.17,29.31
prod00300,fashion,896.85,5.46,8.55
prod00301,fashion,211.85,5.93,18.14
prod00302,home_&_kitchen,585.13,19.75,89.27
prod00303,electronics,818.36,16.96,25.94
prod00304,toys,382.79,25.66,26.81
prod00305,home_&_kitchen,626.03,19.33,55.2
prod00306,books,438.95,15.31,94.85
prod00307,home_&_kitchen,764.79,9.9,86.85
prod00308,electronics,489.99,36.31,79.99
prod00309,beauty,428.09,5.79,26.87
prod00310,toys,543.93,27.17,25.79
prod00311,electronics,143.66,34.22,98.44
prod00312,toys,528.06,11.01,27.23
prod00313,sports,23.3,37.0,11.78
prod00314,sports,578.63,14.59,55.42
prod00315,fashion,653.16,34.04,20.64
prod00316,toys,15.94,9.79,90.0
prod00317,books,874.52,25.91,60.05
prod00318,home_&_kitchen,666.71,11.14,91.44
prod00319,sports,421.68,18.41,51.89
prod00320,home_&_kitchen,51.73,10.82,73.8
prod00321,home_&_kitchen,87.38,26.11,24.53
prod00322,books,392.35,15.1,35.57
prod00323,electronics,720.45,15.4,56.64
prod00324,home_&_kitchen,478.67,28.23,93.68
prod00325,toys,733.91,12.52,3.12
prod00326,books,265.95,25.83,5.14
prod00327,sports,498.88,25.89,33.42
prod00328,beauty,772.06,8.73,7.51
prod00329,home_&_kitchen,729.55,22.34,68.84
prod00330,fashion,437.65,13.62,81.91
prod00331,books,800.42,29.31,27.21
prod00332,electronics,592.28,17.63,9.16
prod00333,automotive,917.73,9.79,95.02
prod00334,sports,448.78,11.48,54.19
prod00335,sports,873.58,30.63,80.66
prod00336,automotive,660.49,29.23,84.92
prod00337,toys,253.42,22.13,22.12
prod00338,beauty,987.73,38.04,3.94
prod00339,sports,707.05,37.38,18.06
prod00340,sports,570.11,37.04,3.39
prod00341,electronics,698.93,15.41,92.44
prod00342,sports,971.2,38.05,47.42
prod00343,books,862.73,34.56,31.91
prod00344,toys,829.77,6.3,59.63
prod00345,beauty,233.86,9.22,7.7
prod00346,fashion,697.81,16.9,72.48
prod00347,beauty,70.03,16.04,53.95
prod00348,toys,791.77,16.16,62.59
prod00349,books,886.55,26.56,23.3
prod00350,toys,29.28,35.45,2.13
prod00351,electronics,875.33,23.51,93.91
prod00352,fashion,799.79,39.93,35.07
prod00353,beauty,768.35,19.07,47.99
prod00354,home_&_kitchen,629.37,35.58,98.41
prod00355,beauty,769.43,19.62,42.14
prod00356,electronics,738.89,13.36,11.05
prod00357,fashion,357.85,15.05,29.63
prod00358,books,237.44,6.47,1.79
prod00359,toys,987.78,19.97,38.43
prod00360,toys,681.25,12.64,95.0
prod00361,books,787.41,8.13,41.76
prod00362,fashion,879.72,38.07,46.74
prod00363,books,615.34,10.85,99.12
prod00364,sports,235.51,38.0,64.96
prod00365,beauty,609.7,22.94,23.07
prod00366,electronics,180.65,12.72,18.64
prod00367,books,780.69,17.25,5.78
prod00368,electronics,969.26,35.93,92.78
prod00369,sports,994.93,11.09,39.62
prod00370,toys,759.45,29.36,15.39
prod00371,books,816.75,12.86,22.38
prod00372,fashion,539.29,25.75,58.01
prod00373,toys,96.03,35.71,26.56
prod00374,toys,133.87,36.11,95.57
prod00375,fashion,862.82,33.33,65.52
prod00376,beauty,553.1,8.04,40.85
prod00377,beauty,375.83,14.09,72.34
prod00378,books,498.4,7.84,22.02
prod00379,toys,684.84,7.66,85.12
prod00380,books,497.67,21.82,59.24
prod00381,beauty,825.56,17.17,67.8
prod00382,home_&_kitchen,567.9,14.35,87.86
prod00383,sports,798.44,28.05,85.06
prod00384,books,867.96,29.79,83.7
prod00385,books,698.98,28.8,61.86
prod00386,home_&_kitchen,753.95,10.55,88.09
prod00387,beauty,872.48,6.02,82.58
prod00388,books,133.23,16.73,74.35
prod00389,electronics,164.96,33.63,83.21
prod00390,beauty,509.93,5.22,28.7
prod00391,beauty,618.84,39.34,63.18
prod00392,sports,263.5,27.19,54.0
prod00393,books,780.95,8.74,76.1
prod00394,toys,543.56,38.7,34.19
prod00395,automotive,634.46,37.62,10.25
prod00396,automotive,937.54,29.08,6.78
prod00397,automotive,304.46,29.79,6.74
prod00398,sports,584.26,17.11,62.09
prod00399,automotive,50.51,35.5,97.35
prod00400,home_&_kitchen,969.03,31.24,13.01
prod00401,fashion,759.47,5.86,2.21
prod00402,beauty,326.99,22.1,77.04
prod00403,toys,684.88,20.61,27.36
prod00404,fashion,997.14,19.92,45.14
prod00405,sports,167.81,32.82,69.37
prod00406,beauty,224.67,7.88,68.05
prod00407,sports,656.24,14.56,95.09
prod00408,sports,155.3,20.13,94.36
prod00409,home_&_kitchen,422.63,27.35,39.76
prod00410,electronics,277.84,39.44,40.93
prod00411,electronics,894.63,13.05,21.31
prod00412,sports,35.98,27.81,36.85
prod00413,automotive,865.04,21.56,96.82
prod00414,fashion,189.6,35.4,77.66
prod00415,automotive,772.07,34.57,76.1
prod00416,books,628.09,9.59,3.25
prod00417,sports,921.24,26.58,79.65
prod00418,books,484.11,9.11,12.52
prod00419,automotive,687.14,20.06,20.05
prod00420,books,494.14,7.25,58.2
prod00421,sports,272.65,32.91,31.04
prod00422,home_&_kitchen,457.94,5.41,7.24
prod00423,electronics,395.53,21.8,60.0
prod00424,fashion,295.2,29.32,86.01
prod00425,books,780.95,6.39,48.05
prod00426,sports,109.41,13.47,98.67
prod00427,home_&_kitchen,146.78,22.46,61.82
prod00428,automotive,703.95,24.59,0.98
prod00429,electronics,329.83,23.12,8.79
prod00430,sports,353.87,6.16,7.86
prod00431,fashion,399.94,9.65,56.75
prod00432,automotive,691.02,33.02,20.02
prod00433,home_&_kitchen,171.65,8.66,63.64
prod00434,automotive,707.94,6.11,93.62
prod00435,toys,56.71,23.95,70.91
prod00436,automotive,871.61,29.99,80.17
prod00437,books,342.75,33.52,8.01
prod00438,automotive,895.34,24.17,81.73
prod00439,home_&_kitchen,455.06,27.53,52.64
prod00440,automotive,732.93,7.86,6.04
prod00441,automotive,250.87,10.58,87.18
prod00442,beauty,223.12,39.16,33.69
prod00443,sports,186.21,32.64,65.87
prod00444,beauty,500.7,24.44,71.92
prod00445,automotive,232.31,39.87,97.48
prod00446,sports,652.07,11.98,68.02
prod00447,beauty,76.84,6.07,25.77
prod00448,automotive,465.31,35.39,72.72
prod00449,fashion,743.99,19.89,34.59
prod00450,beauty,374.18,39.57,4.01
prod00451,sports,867.7,25.25,43.86
prod00452,beauty,726.63,22.03,87.34
prod00453,toys,901.2,19.76,27.68
prod00454,toys,594.39,36.93,21.07
prod00455,fashion,624.85,27.1,73.31
prod00456,home_&_kitchen,135.91,30.05,90.9
prod00457,home_&_kitchen,183.78,13.31,97.14
prod00458,sports,185.07,34.9,49.23
prod00459,books,250.99,35.48,44.53
prod00460,home_&_kitchen,517.24,17.57,59.3
prod00461,sports,167.71,18.69,96.94
prod00462,fashion,261.84,27.99,32.52
prod00463,books,774.61,9.58,96.98
prod00464,books,456.52,13.26,7.35
prod00465,toys,173.91,23.19,33.7
prod00466,automotive,829.74,20.08,24.87
prod00467,books,619.06,29.74,16.7
prod00468,electronics,171.78,6.28,73.64
prod00469,sports,665.49,21.61,84.42
prod00470,books,806.64,25.49,86.83
prod00471,books,209.81,8.92,26.97
prod00472,electronics,61.8,23.59,93.66
prod00473,books,44.15,9.27,45.22
prod00474,automotive,934.21,16.07,50.72
prod00475,electronics,46.36,10.19,98.66
prod00476,toys,965.29,5.17,95.18
prod00477,beauty,640.92,35.38,45.47
prod00478,books,518.02,22.11,66.69
prod00479,books,143.95,6.05,30.79
prod00480,sports,706.16,12.06,67.34
prod00481,automotive,970.06,8.29,67.26
prod00482,sports,446.53,35.38,17.71
prod00483,beauty,694.16,34.33,94.46
prod00484,books,684.83,22.4,61.78
prod00485,automotive,869.56,24.97,3.04
prod00486,electronics,931.29,29.13,67.65
prod00487,books,219.6,28.06,39.39
prod00488,toys,652.98,8.73,65.78
prod00489,books,999.42,6.69,97.72
prod00490,home_&_kitchen,409.87,35.48,78.24
prod00491,automotive,569.18,30.85,87.85
prod00492,home_&_kitchen,407.12,16.45,66.76
prod00493,electronics,808.81,31.68,79.78
prod00494,books,438.41,33.62,12.02
prod00495,electronics,546.77,5.2,32.46
prod00496,fashion,369.63,18.87,69.55
prod00497,books,391.62,20.7,23.75
prod00498,home_&_kitchen,376.39,12.95,7.32
prod00499,automotive,605.43,28.39,61.95
prod00500,home_&_kitchen,466.18,18.29,86.33
prod00501,electronics,521.49,21.77,2.56
prod00502,beauty,344.54,18.31,39.88
prod00503,books,582.27,23.68,60.79
prod00504,toys,766.06,33.45,71.81
prod00505,sports,955.75,5.64,19.58
prod00506,automotive,12.53,27.66,89.8
prod00507,toys,247.26,37.45,6.03
prod00508,toys,934.76,17.31,10.14
prod00509,books,488.44,13.99,28.49
prod00510,beauty,310.75,33.11,53.92
prod00511,books,314.75,26.36,71.62
prod00512,beauty,276.26,19.47,12.19
prod00513,fashion,185.24,28.84,18.14
prod00514,automotive,527.54,29.82,10.69
prod00515,electronics,569.48,13.98,96.29
prod00516,electronics,486.13,33.21,55.02
prod00517,toys,48.2,27.16,95.14
prod00518,sports,603.6,33.67,88.42
prod00519,fashion,231.94,12.42,61.1
prod00520,electronics,413.97,34.4,90.0
prod00521,electronics,356.65,13.29,78.05
prod00522,sports,278.43,33.79,42.37
prod00523,sports,669.21,8.34,62.39
prod00524,electronics,454.51,25.53,16.8
prod00525,home_&_kitchen,738.19,35.2,21.67
prod00526,sports,100.24,5.83,64.2
prod00527,home_&_kitchen,609.06,24.13,23.19
prod00528,automotive,393.95,25.81,49.68
prod00529,fashion,987.85,9.78,69.51
prod00530,sports,407.3,19.99,71.76
prod00531,automotive,693.97,39.69,12.84
prod00532,beauty,108.59,30.35,57.84
prod00533,toys,277.79,7.78,8.57
prod00534,home_&_kitchen,894.72,11.72,32.34
prod00535,fashion,230.52,17.42,6.94
prod00536,home_&_kitchen,521.46,7.37,80.04
prod00537,beauty,237.54,23.9,88.01
prod00538,fashion,652.62,23.65,32.43
prod00539,electronics,336.34,28.43,99.41
prod00540,beauty,663.53,24.52,73.07
prod00541,books,467.88,7.1,56.23
prod00542,books,957.84,11.14,69.0
prod00543,sports,204.93,23.75,9.67
prod00544,fashion,453.12,31.47,34.76
prod00545,sports,666.59,32.84,92.72
prod00546,fashion,238.47,18.98,15.24
prod00547,beauty,992.52,37.45,54.0
prod00548,fashion,842.82,23.23,62.36
prod00549,electronics,93.68,31.43,12.77
prod00550,toys,826.94,32.37,70.87
prod00551,books,40.98,15.61,26.31
prod00552,toys,363.34,8.07,93.7
prod00553,fashion,556.03,15.69,39.7
prod00554,toys,449.97,26.02,51.57
prod00555,electronics,919.8,22.39,99.22
prod00556,books,852.17,12.3,93.06
prod00557,automotive,120.78,33.61,38.06
prod00558,fashion,878.58,35.38,80.59
prod00559,books,791.08,15.66,8.09
prod00560,toys,405.97,11.07,69.5
prod00561,automotive,349.37,39.15,64.1
prod00562,home_&_kitchen,823.37,9.64,86.2
prod00563,books,923.14,22.05,60.63
prod00564,home_&_kitchen,765.99,11.12,50.26
prod00565,beauty,401.67,10.12,36.75
prod00566,automotive,72.83,5.9,13.52
prod00567,automotive,963.3,24.23,96.58
prod00568,books,435.34,15.91,50.61
prod00569,beauty,442.31,8.7,64.08
prod00570,toys,219.96,26.69,65.02
prod00571,sports,156.26,7.15,78.08
prod00572,fashion,462.5,7.04,99.49
prod00573,beauty,62.49,29.33,98.37
prod00574,automotive,242.98,9.98,12.14
prod00575,sports,306.76,8.54,69.22
prod00576,automotive,66.98,22.83,99.67
prod00577,books,814.9,26.53,30.63
prod00578,toys,625.78,23.45,42.61
prod00579,electronics,135.06,36.03,44.98
prod00580,automotive,198.65,17.87,41.41
prod00581,toys,828.4,30.68,76.93
prod00582,home_&_kitchen,15.98,19.57,48.13
prod00583,automotive,24.1,14.09,76.03
prod00584,sports,141.42,23.74,21.52
prod00585,toys,17.06,13.44,97.59
prod00586,beauty,802.53,38.59,48.79
prod00587,toys,114.19,24.18,45.44
prod00588,beauty,845.14,8.43,48.82
prod00589,beauty,154.3,16.36,73.74
prod00590,electronics,478.64,18.16,39.45
prod00591,sports,462.15,32.48,89.21
prod00592,fashion,955.56,32.54,31.54
prod00593,sports,689.69,20.32,25.47
prod00594,books,841.67,6.34,90.18
prod00595,automotive,464.17,27.3,65.94
prod00596,sports,895.64,27.28,61.39
prod00597,automotive,71.32,23.14,15.02
prod00598,automotive,738.75,22.93,68.02
prod00599,automotive,46.46,7.97,71.63
prod00600,electronics,76.72,7.49,1.21
prod00601,fashion,956.72,30.81,35.33
prod00602,beauty,300.05,17.24,77.47
prod00603,sports,663.06,11.48,17.41
prod00604,books,102.9,28.11,76.44
prod00605,sports,268.72,5.73,8.22
prod00606,beauty,968.02,15.34,76.92
prod00607,toys,626.54,18.37,20.57
prod00608,automotive,125.78,26.53,77.46
prod00609,toys,645.68,23.56,4.2
prod00610,books,968.65,32.95,29.28
prod00611,toys,980.07,26.07,58.24
prod00612,toys,749.33,33.41,65.65
prod00613,automotive,132.46,16.84,92.81
prod00614,beauty,228.49,18.03,43.21
prod00615,beauty,442.21,26.45,94.31
prod00616,beauty,244.49,9.25,19.75
prod00617,sports,887.49,27.6,28.59
prod00618,fashion,816.87,35.15,84.65
prod00619,sports,919.33,13.83,75.5
prod00620,toys,463.24,34.47,72.85
prod00621,fashion,777.57,27.97,17.74
prod00622,home_&_kitchen,547.3,39.46,93.74
prod00623,sports,47.96,10.77,13.17
prod00624,sports,727.35,33.62,21.35
prod00625,automotive,508.32,34.42,73.28
prod00626,beauty,544.53,25.66,50.84
prod00627,beauty,301.06,24.78,68.89
prod00628,fashion,873.96,27.27,76.11
prod00629,sports,164.27,21.15,0.93
prod00630,beauty,250.45,30.43,99.18
prod00631,sports,103.68,19.05,80.01
prod00632,toys,208.02,24.43,73.31
prod00633,home_&_kitchen,617.91,11.58,35.54
prod00634,beauty,784.87,24.4,0.52
prod00635,electronics,762.19,6.24,74.57
prod00636,home_&_kitchen,206.47,38.53,36.79
prod00637,beauty,330.3,10.21,30.56
prod00638,electronics,877.27,39.87,36.83
prod00639,electronics,451.37,30.27,88.62
prod00640,beauty,595.08,18.7,41.26
prod00641,home_&_kitchen,697.14,5.11,61.96
prod00642,automotive,358.72,32.8,9.3
prod00643,fashion,590.26,21.83,64.23
prod00644,electronics,69.53,25.3,56.15
prod00645,beauty,562.86,26.12,67.65
prod00646,automotive,805.96,14.44,82.5
prod00647,automotive,500.76,7.7,5.86
prod00648,automotive,337.57,32.47,70.77
prod00649,toys,789.67,23.1,44.02
prod00650,home_&_kitchen,151.72,16.49,43.4
prod00651,electronics,93.16,12.72,59.82
prod00652,beauty,736.98,39.94,93.31
prod00653,automotive,644.35,19.74,63.62
prod00654,fashion,786.72,9.14,40.99
prod00655,fashion,840.6,18.43,57.19
prod00656,books,589.83,11.46,36.22
prod00657,automotive,337.84,5.92,2.42
prod00658,fashion,832.54,14.56,51.81
prod00659,electronics,302.23,37.92,25.93
prod00660,home_&_kitchen,432.51,35.55,84.19
prod00661,home_&_kitchen,190.17,33.09,45.82
prod00662,beauty,485.55,9.67,8.06
prod00663,fashion,729.3,22.38,43.69
prod00664,sports,730.86,31.79,15.89
prod00665,fashion,612.17,9.74,75.14
prod00666,books,658.67,38.48,6.9
prod00667,sports,61.77,14.88,26.17
prod00668,books,250.74,36.72,24.95
prod00669,automotive,275.59,31.58,44.97
prod00670,automotive,777.83,7.29,48.76
prod00671,beauty,38.45,7.19,90.64
prod00672,books,143.55,23.63,41.11
prod00673,beauty,350.61,36.49,2.18
prod00674,electronics,665.47,38.72,56.02
prod00675,fashion,937.14,6.83,41.88
prod00676,sports,263.86,30.58,98.13
prod00677,sports,260.25,27.9,19.81
prod00678,beauty,567.5,21.24,97.2
prod00679,fashion,610.48,17.23,11.41
prod00680,home_&_kitchen,155.49,12.89,25.1
prod00681,sports,851.36,24.64,52.34
prod00682,home_&_kitchen,119.2,35.1,72.28
prod00683,fashion,72.33,29.77,54.35
prod00684,home_&_kitchen,86.32,21.04,48.47
prod00685,electronics,169.95,38.1,85.0
prod00686,books,670.68,21.18,41.18
prod00687,automotive,652.72,24.09,6.23
prod00688,automotive,514.94,33.22,45.92
prod00689,beauty,56.7,32.52,20.14
prod00690,electronics,262.33,10.76,33.02
prod00691,sports,757.97,23.18,20.49
prod00692,beauty,878.44,35.79,87.06
prod00693,beauty,242.6,20.79,98.5
prod00694,automotive,773.15,5.95,6.52
prod00695,fashion,466.61,36.82,53.87
prod00696,sports,500.32,8.69,65.68
prod00697,beauty,822.99,18.31,77.56
prod00698,sports,964.65,12.13,52.33
prod00699,books,290.7,32.75,57.76
prod00700,fashion,636.41,32.93,39.6
prod00701,sports,915.51,23.66,15.8
prod00702,home_&_kitchen,697.42,32.76,31.68
prod00703,beauty,857.89,36.72,27.69
prod00704,home_&_kitchen,983.6,9.92,20.2
prod00705,fashion,188.3,36.29,65.43
prod00706,electronics,156.34,20.41,61.53
prod00707,home_&_kitchen,88.05,35.88,80.36
prod00708,beauty,507.68,38.85,41.78
prod00709,beauty,984.19,28.38,63.47
prod00710,automotive,170.13,35.87,42.75
prod00711,fashion,166.42,5.44,55.98
prod00712,automotive,529.76,30.18,89.03
prod00713,beauty,84.01,30.6,18.74
prod00714,books,858.89,33.67,54.08
prod00715,beauty,711.69,16.0,47.12
prod00716,automotive,822.53,21.07,35.78
prod00717,automotive,496.74,33.99,33.52
prod00718,fashion,177.89,29.92,82.6
prod00719,electronics,105.13,13.4,14.2
prod00720,books,351.2,20.76,74.88
prod00721,toys,652.89,26.73,35.24
prod00722,beauty,842.24,21.5,97.91
prod00723,electronics,635.97,9.42,67.62
prod00724,fashion,328.48,29.02,6.96
prod00725,sports,179.01,34.95,22.72
prod00726,electronics,837.86,14.77,64.29
prod00727,beauty,695.68,22.94,30.53
prod00728,electronics,216.58,6.16,30.39
prod00729,home_&_kitchen,654.9,37.84,87.12
prod00730,automotive,767.23,32.6,66.5
prod00731,automotive,263.99,36.75,67.07
prod00732,beauty,562.64,8.88,44.71
prod00733,home_&_kitchen,463.06,35.26,54.66
prod00734,books,383.5,39.19,11.07
prod00735,automotive,425.44,6.47,73.99
prod00736,fashion,918.49,14.8,85.83
prod00737,automotive,295.76,36.88,75.4
prod00738,toys,805.88,5.63,96.28
prod00739,books,728.04,15.67,82.94
prod00740,toys,285.11,35.55,11.26
prod00741,toys,705.17,23.92,9.65
prod00742,fashion,245.68,5.43,46.88
prod00743,home_&_kitchen,304.76,25.94,29.72
prod00744,toys,303.42,31.01,4.81
prod00745,books,903.38,34.83,66.78
prod00746,automotive,595.26,36.23,18.53
prod00747,beauty,83.57,13.38,79.46
prod00748,books,39.5,25.4,99.54
prod00749,electronics,856.42,23.25,6.36
prod00750,automotive,832.22,25.96,11.49
prod00751,fashion,98.39,36.84,66.92
prod00752,toys,830.14,35.76,57.18
prod00753,beauty,519.86,20.06,31.69
prod00754,toys,437.42,32.09,60.19
prod00755,fashion,893.06,20.52,60.71
prod00756,books,633.15,25.71,70.26
prod00757,electronics,241.25,22.93,10.42
prod00758,automotive,387.59,22.07,65.22
prod00759,books,950.78,26.02,74.36
prod00760,electronics,508.73,27.19,7.09
prod00761,sports,258.12,17.66,47.25
prod00762,toys,50.42,9.9,27.68
prod00763,automotive,971.68,16.6,48.2
prod00764,automotive,200.12,26.38,28.07
prod00765,electronics,210.96,23.08,0.55
prod00766,sports,12.63,12.67,3.67
prod00767,beauty,112.49,16.86,80.26
prod00768,home_&_kitchen,574.19,22.94,29.35
prod00769,beauty,932.09,18.9,8.71
prod00770,automotive,618.98,8.98,34.52
prod00771,automotive,509.87,35.6,49.35
prod00772,fashion,703.75,39.75,13.15
prod00773,electronics,278.36,18.81,42.18
prod00774,sports,413.97,36.77,71.4
prod00775,home_&_kitchen,609.87,15.83,82.38
prod00776,beauty,955.29,33.74,0.16
prod00777,electronics,638.22,6.79,25.76
prod00778,books,64.23,26.13,68.66
prod00779,fashion,118.92,18.43,45.62
prod00780,sports,372.21,9.24,41.89
prod00781,fashion,752.42,7.49,8.02
prod00782,automotive,358.0,37.96,66.86
prod00783,fashion,680.28,17.67,59.37
prod00784,home_&_kitchen,15.08,27.26,91.33
prod00785,automotive,614.51,35.58,72.4
prod00786,beauty,124.96,36.59,6.64
prod00787,beauty,536.3,9.97,1.17
prod00788,books,424.92,15.33,48.6
prod00789,automotive,579.31,6.53,12.3
prod00790,automotive,560.85,17.01,72.92
prod00791,sports,654.03,34.6,69.25
prod00792,automotive,432.78,28.55,27.54
prod00793,home_&_kitchen,309.78,32.61,44.64
prod00794,books,799.39,33.78,85.76
prod00795,sports,917.05,20.08,31.89
prod00796,home_&_kitchen,584.29,17.99,60.11
prod00797,fashion,707.06,29.09,37.46
prod00798,beauty,171.03,20.07,14.26
prod00799,books,890.65,17.11,15.45
prod00800,toys,30.32,27.6,63.69
prod00801,beauty,343.9,7.51,40.96
prod00802,electronics,314.66,28.7,60.58
prod00803,beauty,367.77,12.63,98.8
prod00804,beauty,456.73,29.09,14.06
prod00805,automotive,488.16,5.96,50.55
prod00806,home_&_kitchen,964.2,18.45,3.9
prod00807,automotive,35.8,18.58,16.0
prod00808,automotive,28.24,31.47,45.85
prod00809,toys,292.8,36.5,11.61
prod00810,toys,956.14,15.99,88.84
prod00811,books,604.93,33.93,98.4
prod00812,automotive,291.96,38.64,38.95
prod00813,toys,388.58,16.91,54.14
prod00814,sports,158.37,24.38,54.17
prod00815,sports,763.09,34.18,44.04
prod00816,books,305.82,14.08,19.46
prod00817,sports,62.36,16.99,27.02
prod00818,books,966.59,24.52,34.73
prod00819,electronics,582.57,9.87,44.4
prod00820,toys,628.1,22.11,40.18
prod00821,automotive,993.88,35.81,62.34
prod00822,books,571.53,26.72,20.13
prod00823,books,398.16,6.38,47.55
prod00824,home_&_kitchen,545.31,12.97,96.4
prod00825,automotive,909.91,30.28,53.34
prod00826,electronics,870.62,9.57,79.05
prod00827,home_&_kitchen,129.2,32.8,27.58
prod00828,toys,877.71,38.04,14.88
prod00829,fashion,465.36,39.33,48.34
prod00830,automotive,864.23,25.61,37.53
prod00831,fashion,289.35,12.11,76.18
prod00832,automotive,389.61,22.89,49.23
prod00833,electronics,579.39,35.3,98.07
prod00834,home_&_kitchen,410.55,33.96,76.45
prod00835,books,575.66,38.46,20.05
prod00836,home_&_kitchen,113.72,34.89,43.91
prod00837,fashion,847.73,36.26,6.25
prod00838,automotive,884.05,20.69,51.04
prod00839,beauty,628.46,37.42,1.91
prod00840,toys,479.46,29.07,72.27
prod00841,books,694.07,9.71,29.94
prod00842,fashion,361.92,33.16,27.88
prod00843,toys,214.65,38.51,0.89
prod00844,books,997.83,28.69,82.85
prod00845,toys,298.15,5.5,73.79
prod00846,automotive,834.97,30.92,14.29
prod00847,electronics,754.66,31.91,65.85
prod00848,fashion,767.29,34.61,61.36
prod00849,sports,93.16,22.07,7.76
prod00850,beauty,410.51,19.25,6.6
prod00851,sports,352.08,8.88,80.82
prod00852,fashion,947.95,7.53,95.51
prod00853,books,524.96,15.48,7.69
prod00854,fashion,503.12,32.81,70.71
prod00855,fashion,54.97,7.55,40.29
prod00856,automotive,298.81,13.13,28.1
prod00857,home_&_kitchen,804.47,37.52,40.51
prod00858,beauty,906.58,16.25,47.64
prod00859,electronics,229.9,27.42,97.9
prod00860,electronics,605.48,17.52,64.78
prod00861,toys,127.31,36.1,50.31
prod00862,electronics,452.1,25.51,62.48
prod00863,beauty,76.42,28.89,24.19
prod00864,toys,715.38,33.79,80.4
prod00865,toys,554.74,23.21,14.29
prod00866,books,776.47,14.5,49.67
prod00867,home_&_kitchen,287.85,9.68,62.96
prod00868,sports,59.06,31.2,31.76
prod00869,books,5.13,22.89,4.69
prod00870,home_&_kitchen,279.79,29.74,6.27
prod00871,home_&_kitchen,840.14,5.13,24.68
prod00872,home_&_kitchen,742.2,16.07,10.19
prod00873,fashion,363.43,14.46,84.27
prod00874,books,316.78,32.61,89.19
prod00875,sports,436.65,36.85,37.73
prod00876,automotive,964.26,8.13,68.7
prod00877,home_&_kitchen,496.34,18.57,63.27
prod00878,sports,705.34,5.15,16.7
prod00879,automotive,714.48,28.32,96.6
prod00880,beauty,762.23,38.28,70.25
prod00881,automotive,301.56,8.69,78.18
prod00882,beauty,645.93,6.69,36.01
prod00883,electronics,957.02,22.51,43.27
prod00884,automotive,460.41,12.31,36.87
prod00885,beauty,372.96,6.83,76.76
prod00886,home_&_kitchen,419.42,33.78,85.03
prod00887,fashion,215.93,28.01,47.23
prod00888,automotive,880.76,12.55,67.78
prod00889,toys,609.71,15.34,13.66
prod00890,beauty,653.38,30.85,31.56
prod00891,books,646.61,18.83,71.32
prod00892,beauty,203.22,36.16,28.74
prod00893,automotive,370.95,7.03,11.15
prod00894,beauty,518.28,14.37,83.55
prod00895,sports,19.62,18.27,33.73
prod00896,books,24.23,9.35,41.36
prod00897,automotive,495.4,19.15,53.09
prod00898,fashion,597.16,5.35,46.41
prod00899,sports,963.68,23.17,67.75
prod00900,books,315.3,32.09,77.29
prod00901,toys,523.69,39.16,12.56
prod00902,beauty,21.86,31.96,80.72
prod00903,beauty,124.61,14.3,1.76
prod00904,electronics,296.84,32.06,51.8
prod00905,books,351.36,18.01,0.14
prod00906,beauty,303.3,27.63,97.42
prod00907,electronics,847.83,5.83,89.86
prod00908,electronics,784.28,32.31,45.8
prod00909,automotive,401.02,15.6,6.57
prod00910,beauty,232.09,13.63,48.41
prod00911,sports,748.71,21.58,5.78
prod00912,toys,958.0,38.0,78.52
prod00913,sports,991.37,24.06,96.28
prod00914,sports,80.23,17.8,22.54
prod00915,beauty,199.85,9.93,62.24
prod00916,home_&_kitchen,782.42,25.24,14.7
prod00917,fashion,812.07,27.26,38.82
prod00918,electronics,675.76,14.1,34.52
prod00919,beauty,917.9,15.17,47.0
prod00920,automotive,890.69,29.77,6.22
prod00921,electronics,151.57,5.27,63.09
prod00922,toys,450.44,9.7,95.79
prod00923,home_&_kitchen,532.01,13.47,50.06
prod00924,fashion,681.22,7.67,27.47
prod00925,beauty,807.93,21.09,54.66
prod00926,toys,435.65,6.54,16.57
prod00927,books,448.31,12.32,5.0
prod00928,home_&_kitchen,844.43,39.34,79.31
prod00929,sports,854.52,13.47,96.06
prod00930,home_&_kitchen,200.94,38.3,99.48
prod00931,toys,713.16,39.34,56.95
prod00932,beauty,263.24,20.29,59.36
prod00933,home_&_kitchen,77.72,26.78,98.12
prod00934,beauty,194.16,32.74,90.79
prod00935,automotive,943.98,38.6,52.15
prod00936,beauty,977.42,31.51,16.17
prod00937,toys,479.52,30.14,24.73
prod00938,fashion,642.41,28.33,16.27
prod00939,automotive,567.26,32.01,49.89
prod00940,fashion,17.04,5.32,35.7
prod00941,home_&_kitchen,926.56,13.0,63.44
prod00942,sports,225.97,16.26,84.8
prod00943,books,730.22,8.34,42.87
prod00944,toys,34.02,21.83,66.24
prod00945,fashion,122.91,15.11,39.78
prod00946,books,919.93,39.76,4.49
prod00947,electronics,762.2,18.01,39.25
prod00948,beauty,755.49,37.14,95.09
prod00949,fashion,579.24,17.5,78.75
prod00950,automotive,254.75,24.74,35.86
prod00951,toys,658.35,13.41,19.16
prod00952,beauty,918.65,8.56,50.6
prod00953,books,224.75,6.36,3.6
prod00954,toys,179.35,35.34,28.25
prod00955,fashion,950.71,25.36,43.66
prod00956,sports,582.19,23.08,75.88
prod00957,automotive,286.08,17.36,89.41
prod00958,electronics,946.72,36.24,41.94
prod00959,toys,781.46,21.67,49.75
prod00960,sports,208.66,25.69,18.61
prod00961,fashion,334.91,34.93,20.71
prod00962,automotive,75.8,7.42,94.08
prod00963,beauty,509.39,19.33,81.09
prod00964,books,836.65,16.63,69.36
prod00965,fashion,772.27,27.91,15.16
prod00966,home_&_kitchen,876.5,23.87,28.25
prod00967,electronics,428.1,6.31,12.79
prod00968,electronics,766.72,5.0,41.66
prod00969,beauty,524.9,6.91,97.31
prod00970,automotive,229.99,15.65,30.39
prod00971,fashion,234.26,5.05,72.93
prod00972,fashion,967.01,12.85,66.3
prod00973,sports,743.19,34.69,42.26
prod00974,home_&_kitchen,306.42,16.39,71.26
prod00975,books,817.7,11.36,37.09
prod00976,automotive,902.43,33.23,98.49
prod00977,toys,755.48,18.76,59.06
prod00978,books,662.71,7.75,54.45
prod00979,home_&_kitchen,710.77,10.86,78.06
prod00980,books,585.85,38.33,4.24
prod00981,fashion,269.0,26.05,29.66
prod00982,automotive,715.85,31.57,10.25
prod00983,books,516.29,22.81,36.93
prod00984,beauty,933.26,33.96,69.72
prod00985,electronics,715.76,21.16,92.1
prod00986,toys,696.12,30.51,86.17
prod00987,sports,277.7,33.25,19.52
prod00988,automotive,348.62,16.75,97.85
prod00989,automotive,857.25,29.54,72.71
prod00990,sports,564.26,38.15,49.63
prod00991,toys,383.62,10.71,78.62
prod00992,fashion,735.77,18.45,2.52
prod00993,toys,839.8,5.4,70.37
prod00994,toys,970.41,20.32,23.5
prod00995,electronics,706.35,33.6,54.64
prod00996,books,967.2,6.81,50.48
prod00997,beauty,719.86,35.19,17.93
prod00998,sports,801.0,24.34,39.66
prod00999,fashion,136.06,35.29,15.73
prod01000,automotive,313.24,15.15,87.14
prod01001,fashion,674.34,32.88,25.05
prod01002,sports,626.75,25.01,83.28
prod01003,electronics,906.56,5.43,67.4
prod01004,electronics,56.58,24.21,28.76
prod01005,toys,310.24,17.35,62.13
prod01006,sports,337.38,30.64,40.45
prod01007,home_&_kitchen,73.01,32.43,28.58
prod01008,sports,435.6,28.99,33.25
prod01009,fashion,61.3,18.09,94.44
prod01010,sports,643.53,28.5,63.23
prod01011,sports,203.0,19.64,75.09
prod01012,sports,105.87,14.72,27.63
prod01013,toys,434.86,39.31,6.75
prod01014,home_&_kitchen,521.11,11.28,97.07
prod01015,electronics,117.74,19.13,73.79
prod01016,beauty,706.03,19.8,34.65
prod01017,home_&_kitchen,400.62,14.25,20.53
prod01018,home_&_kitchen,485.62,14.4,28.75
prod01019,beauty,658.47,38.9,60.36
prod01020,home_&_kitchen,81.59,7.65,95.14
prod01021,fashion,300.8,8.22,59.9
prod01022,electronics,625.53,27.7,26.74
prod01023,home_&_kitchen,20.04,38.78,25.09
prod01024,electronics,677.65,29.73,61.0
prod01025,toys,316.34,14.49,59.77
prod01026,sports,866.77,38.14,10.59
prod01027,toys,159.05,38.07,73.65
prod01028,electronics,883.58,12.09,58.76
prod01029,home_&_kitchen,702.63,28.8,40.82
prod01030,beauty,20.32,25.4,25.31
prod01031,electronics,453.0,38.52,39.9
prod01032,home_&_kitchen,840.6,11.6,67.25
prod01033,books,977.12,8.57,0.83
prod01034,fashion,436.41,8.24,74.84
prod01035,fashion,914.98,20.19,25.87
prod01036,automotive,437.23,30.32,0.91
prod01037,automotive,591.51,26.47,63.77
prod01038,toys,245.81,29.99,9.14
prod01039,fashion,203.27,35.71,73.87
prod01040,automotive,18.68,13.69,21.44
prod01041,sports,274.45,13.66,6.25
prod01042,electronics,461.65,30.65,60.67
prod01043,beauty,674.51,7.84,95.15
prod01044,automotive,839.3,33.18,82.3
prod01045,electronics,933.05,24.05,20.03
prod01046,electronics,618.7,31.0,73.79
prod01047,automotive,523.84,7.4,37.11
prod01048,books,921.16,25.46,53.83
prod01049,books,272.51,17.9,89.53
prod01050,fashion,668.13,32.56,45.43
prod01051,automotive,632.1,13.69,70.55
prod01052,automotive,430.46,20.49,64.93
prod01053,fashion,936.6,7.24,82.47
prod01054,fashion,295.92,20.54,2.19
prod01055,toys,304.54,22.59,5.62
prod01056,home_&_kitchen,493.64,37.45,10.54
prod01057,fashion,765.62,19.34,65.52
prod01058,home_&_kitchen,263.94,10.58,16.05
prod01059,beauty,75.14,11.5,66.42
prod01060,toys,882.28,33.49,68.51
prod01061,books,114.88,15.12,30.98
prod01062,beauty,253.71,23.03,53.56
prod01063,automotive,360.1,17.38,82.86
prod01064,books,790.35,15.77,91.38
prod01065,fashion,953.05,16.44,35.44
prod01066,fashion,508.11,37.94,87.63
prod01067,sports,107.06,18.75,55.34
prod01068,books,505.62,11.79,85.88
prod01069,automotive,678.56,34.33,85.88
prod01070,sports,749.61,20.37,61.05
prod01071,books,164.56,28.58,17.93
prod01072,toys,695.48,13.04,11.76
prod01073,automotive,169.46,5.07,71.87
prod01074,books,733.74,23.02,16.14
prod01075,books,88.14,5.67,16.57
prod01076,fashion,891.4,13.45,35.43
prod01077,toys,109.82,12.78,51.92
prod01078,books,609.71,13.59,5.77
prod01079,toys,394.08,13.2,21.96
prod01080,beauty,960.06,26.57,55.69
prod01081,toys,418.7,20.01,54.09
prod01082,home_&_kitchen,697.95,29.58,17.17
prod01083,automotive,502.61,19.42,87.05
prod01084,fashion,633.26,23.64,11.54
prod01085,fashion,607.61,9.1,33.72
prod01086,fashion,147.13,29.22,20.63
prod01087,fashion,394.9,36.35,20.43
prod01088,books,510.27,19.67,1.81
prod01089,fashion,793.79,7.42,47.43
prod01090,toys,562.87,26.99,68.86
prod01091,home_&_kitchen,257.01,5.35,72.34
prod01092,electronics,537.98,34.26,82.14
prod01093,toys,844.11,21.98,33.36
prod01094,fashion,792.6,20.8,18.34
prod01095,books,855.7,35.89,46.63
prod01096,toys,80.32,18.57,80.35
prod01097,books,902.27,12.12,6.7
prod01098,electronics,877.96,18.63,54.18
prod01099,beauty,968.23,7.33,64.83
prod01100,beauty,78.73,18.14,80.38
prod01101,toys,436.3,39.9,55.91
prod01102,fashion,324.56,12.7,35.05
prod01103,sports,375.67,7.4,36.96
prod01104,home_&_kitchen,466.92,30.3,65.67
prod01105,automotive,710.22,5.29,21.77
prod01106,sports,663.38,21.94,0.53
prod01107,fashion,805.47,32.05,54.84
prod01108,toys,71.13,31.83,58.37
prod01109,toys,783.05,31.31,80.3
prod01110,fashion,520.42,9.91,67.12
prod01111,beauty,622.37,30.98,16.99
prod01112,sports,199.0,36.16,75.0
prod01113,books,908.69,31.56,59.72
prod01114,electronics,655.86,36.12,57.88
prod01115,beauty,634.23,10.48,47.39
prod01116,electronics,717.82,14.48,20.23
prod01117,home_&_kitchen,317.26,13.45,21.49
prod01118,beauty,427.73,36.77,50.71
prod01119,beauty,191.98,7.69,69.62
prod01120,toys,385.88,33.76,65.95
prod01121,toys,797.26,14.52,69.24
prod01122,electronics,267.74,37.87,63.64
prod01123,home_&_kitchen,327.89,14.43,19.09
prod01124,home_&_kitchen,696.17,12.66,59.53
prod01125,books,268.31,28.17,81.49
prod01126,fashion,779.14,31.63,18.77
prod01127,home_&_kitchen,92.94,29.46,36.83
prod01128,electronics,435.18,6.09,25.96
prod01129,fashion,38.51,35.77,24.34
prod01130,sports,559.55,6.36,66.68
prod01131,books,326.41,36.43,88.81
prod01132,books,328.66,36.53,99.62
prod01133,automotive,826.29,34.57,24.9
prod01134,toys,578.82,7.35,9.49
prod01135,home_&_kitchen,998.9,16.43,74.82
prod01136,toys,807.63,35.03,99.76
prod01137,beauty,245.29,6.41,41.12
prod01138,toys,134.43,5.78,36.04
prod01139,fashion,784.82,24.82,31.28
prod01140,electronics,656.07,13.12,1.44
prod01141,home_&_kitchen,765.53,26.83,76.23
prod01142,home_&_kitchen,43.74,34.3,61.95
prod01143,electronics,565.58,26.86,86.44
prod01144,fashion,589.0,25.33,99.07
prod01145,beauty,757.95,20.48,70.74
prod01146,automotive,392.28,13.01,59.69
prod01147,books,928.54,37.52,34.19
prod01148,automotive,530.04,12.41,99.56
prod01149,automotive,981.21,27.73,80.44
prod01150,books,716.52,25.76,5.33
prod01151,beauty,457.49,28.62,67.75
prod01152,sports,376.26,37.96,16.74
prod01153,fashion,502.86,29.18,69.71
prod01154,toys,650.4,14.64,15.62
prod01155,books,637.76,25.98,17.94
prod01156,fashion,706.61,20.93,66.78
prod01157,beauty,838.18,10.94,1.91
prod01158,automotive,780.21,26.34,69.96
prod01159,beauty,838.96,33.1,96.09
prod01160,electronics,538.26,22.1,40.19
prod01161,sports,157.92,25.04,27.7
prod01162,books,921.7,25.41,59.28
prod01163,electronics,358.15,6.82,3.17
prod01164,electronics,426.22,7.96,60.68
prod01165,sports,881.57,35.9,65.9
prod01166,beauty,215.18,35.2,88.61
prod01167,sports,200.67,30.81,28.65
prod01168,home_&_kitchen,803.63,39.9,3.0
prod01169,beauty,897.88,26.79,97.34
prod01170,beauty,467.68,34.66,6.24
prod01171,toys,338.6,7.35,97.53
prod01172,fashion,817.89,34.84,93.8
prod01173,electronics,89.68,18.5,7.1
prod01174,automotive,214.74,13.03,46.91
prod01175,books,272.22,8.53,16.75
prod01176,home_&_kitchen,151.54,39.06,75.93
prod01177,home_&_kitchen,967.92,20.39,27.84
prod01178,books,799.3,16.42,29.94
prod01179,sports,236.34,9.54,25.65
prod01180,toys,358.54,28.59,6.26
prod01181,fashion,214.45,33.32,14.69
prod01182,books,345.93,35.26,15.49
prod01183,electronics,87.32,21.96,30.24
prod01184,books,565.59,33.13,13.71
prod01185,electronics,582.8,22.69,14.41
prod01186,automotive,625.88,14.58,48.78
prod01187,fashion,86.86,21.09,30.65
prod01188,toys,823.27,6.99,41.86
prod01189,books,461.14,30.38,57.43
prod01190,books,668.88,32.2,86.22
prod01191,books,317.31,23.83,84.01
prod01192,beauty,989.5,36.13,37.15
prod01193,fashion,199.19,22.13,74.16
prod01194,books,495.11,21.91,83.82
prod01195,electronics,364.6,35.09,40.68
prod01196,toys,331.59,20.89,76.24
prod01197,home_&_kitchen,130.37,11.87,95.14
prod01198,automotive,179.61,24.87,57.93
prod01199,toys,492.18,27.57,22.98
prod01200,fashion,554.9,18.03,66.17
prod01201,books,145.52,24.98,18.53
prod01202,fashion,282.25,12.65,18.28
prod01203,sports,826.58,15.0,92.71
prod01204,books,970.08,24.99,14.3
prod01205,books,377.68,32.92,36.74
prod01206,fashion,91.58,24.49,84.51
prod01207,books,796.95,11.13,67.28
prod01208,beauty,224.4,12.64,87.41
prod01209,toys,253.42,14.21,0.07
prod01210,sports,871.32,32.74,62.73
prod01211,toys,751.51,10.32,45.83
prod01212,home_&_kitchen,354.46,8.28,48.61
prod01213,fashion,921.14,6.4,29.15
prod01214,fashion,211.5,13.34,90.84
prod01215,sports,470.73,21.32,76.06
prod01216,toys,158.72,22.05,43.0
prod01217,toys,598.93,39.98,76.94
prod01218,home_&_kitchen,400.88,33.96,17.07
prod01219,sports,35.31,12.16,34.04
prod01220,fashion,513.03,26.53,91.06
prod01221,home_&_kitchen,512.3,22.54,5.02
prod01222,beauty,39.74,24.29,43.82
prod01223,sports,839.98,10.62,2.5
prod01224,home_&_kitchen,451.79,13.31,4.96
prod01225,home_&_kitchen,725.98,8.91,60.83
prod01226,fashion,284.64,11.07,37.98
prod01227,home_&_kitchen,802.44,18.72,75.08
prod01228,automotive,129.86,32.05,23.69
prod01229,automotive,679.01,24.8,92.91
prod01230,automotive,390.39,7.32,1.92
prod01231,toys,827.72,23.37,77.52
prod01232,toys,238.25,17.08,3.01
prod01233,home_&_kitchen,961.68,28.38,93.32
prod01234,automotive,269.17,26.4,67.85
prod01235,fashion,320.96,34.68,94.72
prod01236,automotive,885.43,30.87,27.75
prod01237,automotive,285.21,38.72,1.03
prod01238,beauty,717.47,29.72,62.27
prod01239,beauty,990.16,15.92,34.0
prod01240,electronics,83.54,20.5,26.1
prod01241,toys,346.67,34.21,93.55
prod01242,fashion,189.8,18.04,92.86
prod01243,beauty,66.5,8.23,16.28
prod01244,automotive,597.24,10.27,96.81
prod01245,automotive,449.48,22.55,24.67
prod01246,electronics,473.61,28.17,75.12
prod01247,electronics,755.1,25.23,90.44
prod01248,toys,818.32,31.5,5.56
prod01249,beauty,11.84,12.44,66.35
prod01250,fashion,414.14,19.08,88.46
prod01251,fashion,896.09,36.82,31.39
prod01252,books,692.6,14.51,19.06
prod01253,automotive,188.71,16.97,43.0
prod01254,electronics,831.79,9.2,73.49
prod01255,automotive,533.8,15.08,49.28
prod01256,sports,303.44,25.86,43.38
prod01257,toys,168.58,9.08,54.67
prod01258,automotive,902.9,17.04,73.3
prod01259,home_&_kitchen,660.37,37.6,82.1
prod01260,electronics,568.77,28.0,89.84
prod01261,automotive,402.52,16.44,1.08
prod01262,fashion,827.42,33.03,10.45
prod01263,toys,578.97,21.24,11.87
prod01264,fashion,980.67,12.51,6.72
prod01265,home_&_kitchen,596.87,30.86,3.24
prod01266,electronics,660.42,23.63,10.33
prod01267,sports,176.66,24.88,29.64
prod01268,automotive,938.62,33.66,98.36
prod01269,automotive,263.37,38.94,43.12
prod01270,home_&_kitchen,350.78,6.76,5.28
prod01271,toys,693.55,21.03,22.65
prod01272,toys,615.9,13.85,57.76
prod01273,beauty,362.41,33.82,82.07
prod01274,books,479.96,17.28,36.26
prod01275,books,806.69,16.49,20.91
prod01276,toys,89.26,21.33,48.21
prod01277,electronics,841.7,12.74,38.1
prod01278,toys,809.36,33.83,38.46
prod01279,fashion,461.83,15.62,93.26
prod01280,toys,123.05,37.68,68.39
prod01281,fashion,533.91,6.14,47.56
prod01282,books,410.71,10.64,65.64
prod01283,beauty,971.3,24.68,71.48
prod01284,beauty,73.11,19.62,11.64
prod01285,home_&_kitchen,614.73,37.85,66.18
prod01286,toys,81.42,17.41,55.07
prod01287,fashion,406.19,34.18,81.47
prod01288,home_&_kitchen,613.77,18.07,25.53
prod01289,toys,110.34,17.42,41.32
prod01290,beauty,677.44,28.04,7.01
prod01291,books,398.28,11.36,15.68
prod01292,home_&_kitchen,828.17,6.47,41.92
prod01293,fashion,172.36,35.78,55.7
prod01294,beauty,235.22,22.58,73.15
prod01295,books,958.33,12.72,88.62
prod01296,toys,934.63,37.07,63.54
prod01297,home_&_kitchen,631.67,19.11,75.24
prod01298,fashion,533.64,28.71,42.85
prod01299,books,732.84,33.86,14.64
prod01300,toys,833.77,23.91,84.47
prod01301,electronics,434.15,18.27,91.51
prod01302,toys,254.91,34.55,48.4
prod01303,beauty,516.52,15.8,57.3
prod01304,home_&_kitchen,328.59,6.37,27.2
prod01305,sports,11.35,39.24,96.57
prod01306,toys,398.18,30.49,34.58
prod01307,automotive,672.74,33.19,94.68
prod01308,sports,403.21,32.42,26.59
prod01309,sports,990.38,5.9,60.35
prod01310,home_&_kitchen,661.21,29.08,12.04
prod01311,home_&_kitchen,938.84,11.34,62.28
prod01312,fashion,226.56,15.75,54.65
prod01313,beauty,420.11,10.61,17.09
prod01314,fashion,421.05,31.5,89.8
prod01315,electronics,88.71,18.76,10.02
prod01316,toys,21.51,28.16,60.24
prod01317,home_&_kitchen,167.2,13.18,2.37
prod01318,books,835.77,39.11,13.55
prod01319,home_&_kitchen,235.32,35.39,92.65
prod01320,home_&_kitchen,422.53,6.77,3.94
prod01321,home_&_kitchen,576.08,18.75,2.87
prod01322,home_&_kitchen,585.34,5.4,78.74
prod01323,automotive,309.9,6.41,58.84
prod01324,electronics,400.7,39.08,54.42
prod01325,books,278.86,29.83,27.15
prod01326,toys,904.72,18.12,54.99
prod01327,sports,55.32,19.91,83.24
prod01328,automotive,806.62,12.85,22.61
prod01329,beauty,818.22,37.56,9.54
prod01330,automotive,452.81,16.81,87.07
prod01331,sports,88.11,12.39,75.25
prod01332,sports,56.04,22.24,44.21
prod01333,beauty,337.73,18.81,52.99
prod01334,automotive,165.56,25.02,80.54
prod01335,sports,761.36,10.39,14.92
prod01336,toys,271.83,17.64,40.85
prod01337,automotive,681.3,6.98,3.47
prod01338,automotive,394.95,29.4,19.34
prod01339,beauty,643.3,14.09,88.61
prod01340,books,896.21,15.41,23.0
prod01341,books,414.25,13.42,67.24
prod01342,home_&_kitchen,826.93,28.56,82.44
prod01343,sports,400.01,10.47,73.8
prod01344,home_&_kitchen,363.67,28.49,27.06
prod01345,beauty,85.82,39.74,15.62
prod01346,electronics,988.48,39.2,79.38
prod01347,automotive,661.13,25.22,86.61
prod01348,toys,292.99,21.37,61.94
prod01349,fashion,414.13,19.96,33.03
prod01350,fashion,566.41,34.77,20.15
prod01351,beauty,934.76,29.12,82.33
prod01352,fashion,558.41,32.28,1.62
prod01353,home_&_kitchen,819.29,6.4,88.99
prod01354,beauty,992.0,15.29,21.03
prod01355,automotive,766.54,13.86,86.56
prod01356,home_&_kitchen,107.33,9.41,97.92
prod01357,books,675.47,34.64,32.43
prod01358,fashion,678.1,25.8,60.32
prod01359,sports,684.12,25.14,42.91
prod01360,automotive,279.54,31.9,22.63
prod01361,toys,693.89,13.17,62.53
prod01362,electronics,748.34,12.65,5.99
prod01363,books,135.32,26.21,84.94
prod01364,electronics,49.77,30.7,34.13
prod01365,books,481.14,37.51,33.2
prod01366,toys,468.01,5.48,8.16
prod01367,sports,262.3,5.97,63.14
prod01368,books,429.27,24.19,17.46
prod01369,fashion,299.45,28.23,96.53
prod01370,toys,55.16,36.16,57.69
prod01371,sports,566.1,22.51,6.94
prod01372,electronics,94.43,26.03,34.1
prod01373,toys,917.68,19.23,14.33
prod01374,fashion,716.15,15.27,52.55
prod01375,toys,699.34,36.51,79.22
prod01376,home_&_kitchen,677.98,28.79,94.59
prod01377,home_&_kitchen,299.34,5.04,27.2
prod01378,electronics,221.8,28.16,63.37
prod01379,beauty,595.49,5.57,72.88
prod01380,automotive,326.91,28.28,55.66
prod01381,home_&_kitchen,346.02,9.71,9.44
prod01382,automotive,832.36,37.14,64.98
prod01383,automotive,107.92,19.07,72.89
prod01384,electronics,780.92,9.14,0.0
prod01385,fashion,713.58,17.48,25.45
prod01386,electronics,17.83,23.91,85.12
prod01387,beauty,957.84,24.8,51.45
prod01388,sports,89.63,24.21,38.0
prod01389,home_&_kitchen,609.1,18.61,24.03
prod01390,books,99.49,16.02,9.66
prod01391,fashion,181.01,39.56,44.41
prod01392,beauty,534.21,35.58,99.56
prod01393,sports,584.8,33.44,32.69
prod01394,beauty,309.22,19.09,67.25
prod01395,fashion,683.78,16.03,13.32
prod01396,electronics,634.23,9.49,57.85
prod01397,sports,694.96,29.52,75.35
prod01398,books,873.5,22.5,73.02
prod01399,automotive,621.08,11.53,2.57
prod01400,fashion,288.12,20.51,61.71
prod01401,fashion,850.71,11.87,12.55
prod01402,automotive,963.66,8.78,47.85
prod01403,electronics,587.64,23.95,8.6
prod01404,sports,61.74,8.69,58.56
prod01405,home_&_kitchen,546.62,13.18,63.78
prod01406,beauty,820.97,6.46,49.81
prod01407,books,690.86,13.83,30.78
prod01408,electronics,615.57,36.43,80.99
prod01409,toys,585.21,30.56,36.48
prod01410,sports,642.76,21.32,18.99
prod01411,books,703.23,24.48,35.86
prod01412,home_&_kitchen,911.78,5.73,31.58
prod01413,fashion,61.6,31.83,70.21
prod01414,toys,334.7,28.65,39.59
prod01415,fashion,757.47,20.9,41.23
prod01416,electronics,935.06,13.78,12.04
prod01417,books,586.62,38.93,37.78
prod01418,automotive,66.73,16.88,50.59
prod01419,electronics,166.11,28.03,99.77
prod01420,books,454.48,17.42,40.07
prod01421,toys,119.57,35.91,41.48
prod01422,beauty,390.34,28.09,44.2
prod01423,electronics,649.99,7.15,81.37
prod01424,toys,940.8,27.71,95.46
prod01425,fashion,155.68,21.71,60.18
prod01426,toys,583.83,19.05,33.81
prod01427,sports,131.19,18.71,16.27
prod01428,fashion,735.69,12.31,5.86
prod01429,toys,554.6,25.83,87.19
prod01430,home_&_kitchen,579.1,17.09,80.3
prod01431,electronics,542.58,7.77,56.59
prod01432,toys,908.48,18.87,29.63
prod01433,toys,147.75,10.3,43.28
prod01434,home_&_kitchen,597.7,7.82,93.96
prod01435,automotive,756.36,25.53,82.84
prod01436,automotive,84.79,21.69,63.01
prod01437,home_&_kitchen,829.51,32.42,27.71
prod01438,home_&_kitchen,941.18,9.35,87.51
prod01439,fashion,971.09,11.2,72.21
prod01440,automotive,45.08,19.19,51.63
prod01441,electronics,582.74,37.76,67.23
prod01442,beauty,483.87,33.34,95.05
prod01443,sports,26.96,39.39,8.61
prod01444,electronics,815.31,14.81,13.22
prod01445,sports,442.66,27.54,38.1
prod01446,electronics,59.29,25.98,90.24
prod01447,toys,386.3,12.57,44.26
prod01448,beauty,53.12,33.72,82.63
prod01449,books,590.06,17.36,79.98
prod01450,automotive,556.91,33.91,63.15
prod01451,beauty,785.48,25.95,41.41
prod01452,electronics,958.16,23.94,60.51
prod01453,sports,224.39,26.9,57.16
prod01454,beauty,188.91,7.09,60.44
prod01455,toys,764.87,23.32,22.68
prod01456,electronics,668.19,7.8,44.18
prod01457,toys,167.55,11.46,20.23
prod01458,beauty,389.77,6.79,39.78
prod01459,fashion,514.15,21.92,38.28
prod01460,toys,839.95,10.09,50.57
prod01461,books,66.73,7.49,57.39
prod01462,books,568.19,35.73,55.79
prod01463,automotive,959.99,6.7,9.8
prod01464,books,48.85,11.48,54.13
prod01465,toys,647.34,6.6,94.6
prod01466,home_&_kitchen,842.95,15.38,7.72
prod01467,automotive,174.04,9.44,12.33
prod01468,automotive,520.97,13.6,35.81
prod01469,toys,989.56,28.95,94.9
prod01470,beauty,146.84,18.37,55.47
prod01471,fashion,81.37,5.15,67.04
prod01472,books,643.61,19.38,48.96
prod01473,fashion,418.37,5.84,33.54
prod01474,books,181.2,8.44,95.67
prod01475,home_&_kitchen,601.36,30.5,31.54
prod01476,beauty,396.18,13.29,9.7
prod01477,toys,183.14,32.91,67.75
prod01478,fashion,549.19,21.63,92.24
prod01479,fashion,77.37,14.82,34.99
prod01480,toys,783.51,39.74,24.07
prod01481,beauty,874.94,34.07,22.47
prod01482,beauty,402.34,19.34,97.82
prod01483,automotive,184.99,32.97,33.42
prod01484,books,732.22,19.7,57.84
prod01485,home_&_kitchen,833.45,33.15,86.64
prod01486,automotive,64.32,29.22,14.0
prod01487,toys,418.74,24.2,40.27
prod01488,automotive,522.01,39.88,13.52
prod01489,electronics,677.08,18.86,13.3
prod01490,toys,162.94,38.22,87.96
prod01491,books,907.51,39.7,20.83
prod01492,beauty,358.66,28.42,48.38
prod01493,electronics,421.3,17.52,59.38
prod01494,fashion,577.72,10.65,47.17
prod01495,books,555.7,24.96,21.01
prod01496,toys,743.56,5.88,35.48
prod01497,home_&_kitchen,781.31,24.74,26.12
prod01498,electronics,696.48,24.86,79.62
prod01499,home_&_kitchen,736.35,26.35,48.82
prod01500,automotive,137.52,14.15,41.91
prod01501,electronics,601.3,22.98,28.82
prod01502,home_&_kitchen,11.43,22.37,28.56
prod01503,fashion,735.94,5.84,58.48
prod01504,sports,941.77,11.1,47.16
prod01505,toys,95.96,26.9,55.05
prod01506,toys,410.33,23.25,89.66
prod01507,books,200.31,5.79,86.17
prod01508,electronics,579.23,36.17,59.69
prod01509,home_&_kitchen,811.11,20.04,74.99
prod01510,automotive,913.48,25.02,18.08
prod01511,toys,272.45,11.95,24.69
prod01512,toys,309.88,24.43,58.8
prod01513,automotive,429.37,26.54,8.16
prod01514,fashion,92.35,11.01,51.81
prod01515,home_&_kitchen,217.92,14.91,40.03
prod01516,toys,812.81,5.49,64.94
prod01517,books,670.53,32.95,93.28
prod01518,toys,25.04,10.38,88.62
prod01519,beauty,461.23,24.76,66.3
prod01520,sports,680.67,37.61,99.69
prod01521,fashion,721.56,15.05,87.98
prod01522,electronics,53.97,13.09,89.74
prod01523,home_&_kitchen,259.91,12.72,13.81
prod01524,automotive,859.82,22.5,67.49
prod01525,books,242.87,31.53,76.0
prod01526,fashion,316.04,19.37,20.97
prod01527,beauty,976.68,27.6,93.45
prod01528,beauty,306.87,32.37,76.59
prod01529,automotive,693.2,38.8,39.36
prod01530,sports,135.06,28.51,72.93
prod01531,beauty,577.19,12.24,50.45
prod01532,automotive,315.63,19.96,64.52
prod01533,sports,746.49,13.13,40.53
prod01534,fashion,272.82,11.95,78.34
prod01535,home_&_kitchen,909.71,17.96,75.13
prod01536,fashion,897.51,34.61,18.28
prod01537,automotive,956.51,18.18,33.92
prod01538,home_&_kitchen,67.12,22.02,10.9
prod01539,automotive,252.3,16.09,80.88
prod01540,fashion,876.11,15.59,85.87
prod01541,toys,857.94,31.76,14.67
prod01542,toys,691.87,38.08,68.25
prod01543,fashion,334.96,22.52,64.57
prod01544,beauty,513.02,9.2,31.21
prod01545,beauty,803.38,35.15,13.73
prod01546,home_&_kitchen,952.62,16.51,66.23
prod01547,home_&_kitchen,753.07,33.42,94.57
prod01548,toys,316.35,35.05,13.17
prod01549,sports,706.52,30.97,67.77
prod01550,fashion,256.05,35.56,16.89
prod01551,sports,58.37,30.11,47.55
prod01552,home_&_kitchen,849.85,18.42,16.83
prod01553,sports,837.26,24.21,18.92
prod01554,automotive,721.78,22.89,60.43
prod01555,electronics,463.59,34.0,82.96
prod01556,toys,710.84,8.69,83.89
prod01557,toys,672.66,29.4,36.3
prod01558,automotive,879.88,30.39,11.26
prod01559,home_&_kitchen,410.74,36.02,4.72
prod01560,fashion,961.61,28.77,63.14
prod01561,fashion,274.21,13.71,94.21
prod01562,beauty,301.78,32.14,39.31
prod01563,books,143.56,5.38,54.43
prod01564,automotive,975.9,17.92,35.72
prod01565,books,347.37,23.22,44.07
prod01566,books,880.52,22.69,50.78
prod01567,fashion,142.68,39.4,25.0
prod01568,home_&_kitchen,78.0,28.21,59.54
prod01569,toys,418.07,19.78,78.51
prod01570,fashion,199.73,33.71,64.87
prod01571,automotive,421.87,21.03,25.66
prod01572,automotive,753.35,22.95,32.09
prod01573,toys,598.07,39.85,43.53
prod01574,home_&_kitchen,921.09,17.08,5.47
prod01575,home_&_kitchen,208.22,19.65,21.96
prod01576,home_&_kitchen,5.23,37.03,84.39
prod01577,books,743.58,10.87,12.04
prod01578,electronics,72.27,30.34,92.88
prod01579,fashion,433.38,9.17,51.24
prod01580,home_&_kitchen,352.09,18.12,62.13
prod01581,beauty,720.12,8.87,3.56
prod01582,home_&_kitchen,994.36,13.15,5.38
prod01583,home_&_kitchen,193.93,6.36,39.18
prod01584,toys,803.39,16.94,44.42
prod01585,sports,677.21,22.81,86.14
prod01586,toys,866.71,5.35,77.8
prod01587,beauty,463.43,39.61,48.32
prod01588,fashion,986.96,31.41,24.86
prod01589,beauty,540.7,39.72,85.75
prod01590,sports,101.88,29.72,34.56
prod01591,beauty,11.95,19.12,23.48
prod01592,home_&_kitchen,819.77,16.81,82.75
prod01593,beauty,5.59,15.77,24.12
prod01594,fashion,237.4,7.39,18.71
prod01595,home_&_kitchen,557.77,15.2,41.74
prod01596,home_&_kitchen,379.98,35.66,90.53
prod01597,home_&_kitchen,495.49,16.56,10.68
prod01598,toys,953.64,7.11,29.77
prod01599,electronics,301.58,16.21,16.43
prod01600,electronics,784.25,9.29,63.49
prod01601,fashion,128.23,7.47,90.94
prod01602,electronics,194.18,33.74,54.46
prod01603,beauty,82.47,38.44,24.7
prod01604,sports,860.35,10.91,85.39
prod01605,books,18.16,22.91,76.94
prod01606,electronics,935.12,36.82,81.96
prod01607,automotive,888.75,11.97,28.42
prod01608,beauty,292.52,18.2,39.33
prod01609,beauty,546.83,10.6,69.12
prod01610,automotive,171.73,15.86,50.33
prod01611,sports,797.46,30.88,64.55
prod01612,books,159.99,24.15,8.74
prod01613,beauty,380.48,19.47,3.98
prod01614,automotive,277.62,38.45,95.36
prod01615,fashion,355.57,6.51,17.91
prod01616,electronics,395.26,38.17,14.12
prod01617,home_&_kitchen,764.7,8.8,98.13
prod01618,automotive,384.71,32.13,34.26
prod01619,books,629.53,11.72,14.6
prod01620,automotive,938.37,37.12,88.75
prod01621,automotive,627.31,33.29,6.9
prod01622,sports,338.12,15.98,63.56
prod01623,toys,359.18,10.2,59.65
prod01624,home_&_kitchen,815.31,18.37,13.23
prod01625,toys,200.7,13.31,29.99
prod01626,toys,644.58,26.03,69.61
prod01627,toys,365.69,33.84,20.41
prod01628,books,471.7,33.03,18.02
prod01629,home_&_kitchen,114.31,35.93,34.29
prod01630,toys,685.45,5.89,69.0
prod01631,fashion,319.52,6.95,60.98
prod01632,toys,244.6,18.54,8.06
prod01633,sports,151.43,15.43,8.98
prod01634,automotive,911.27,5.21,48.39
prod01635,fashion,127.63,15.77,92.61
prod01636,beauty,165.89,38.8,20.58
prod01637,automotive,742.86,24.13,88.45
prod01638,sports,556.22,23.71,19.55
prod01639,home_&_kitchen,170.4,37.08,32.78
prod01640,fashion,375.22,31.59,33.88
prod01641,electronics,952.3,30.83,59.74
prod01642,beauty,881.49,6.74,25.71
prod01643,books,467.71,12.94,74.39
prod01644,books,919.61,19.83,34.21
prod01645,sports,961.74,20.57,48.9
prod01646,home_&_kitchen,354.89,36.83,56.9
prod01647,toys,763.36,33.41,34.18
prod01648,toys,436.53,34.7,36.33
prod01649,sports,794.97,37.93,62.32
prod01650,home_&_kitchen,742.92,33.18,84.5
prod01651,automotive,398.08,6.79,40.19
prod01652,automotive,675.39,20.76,74.9
prod01653,automotive,360.2,27.22,18.64
prod01654,beauty,750.62,24.1,20.41
prod01655,automotive,295.45,31.2,48.26
prod01656,electronics,219.95,38.85,71.51
prod01657,fashion,957.35,19.95,47.51
prod01658,books,898.47,23.38,70.73
prod01659,automotive,255.91,20.64,12.34
prod01660,sports,209.95,5.03,3.93
prod01661,sports,977.4,13.48,66.33
prod01662,toys,839.9,24.27,15.31
prod01663,electronics,729.48,26.01,73.13
prod01664,electronics,770.9,39.14,57.36
prod01665,beauty,344.93,27.7,6.84
prod01666,automotive,897.91,9.18,32.78
prod01667,automotive,816.67,25.91,39.36
prod01668,beauty,476.07,34.91,34.0
prod01669,electronics,870.3,8.08,77.68
prod01670,fashion,848.31,11.36,43.03
prod01671,books,169.67,29.73,53.53
prod01672,home_&_kitchen,637.15,11.88,21.17
prod01673,beauty,46.29,16.27,55.97
prod01674,toys,858.65,28.34,43.54
prod01675,books,953.35,30.17,93.02
prod01676,toys,529.95,14.06,5.28
prod01677,electronics,727.45,9.25,30.28
prod01678,books,534.81,24.75,60.06
prod01679,electronics,170.42,18.29,61.72
prod01680,sports,969.97,30.47,92.26
prod01681,toys,763.4,25.71,19.2
prod01682,beauty,668.35,26.82,60.25
prod01683,fashion,492.34,23.5,33.44
prod01684,books,521.72,11.91,80.52
prod01685,automotive,189.85,7.97,43.62
prod01686,beauty,660.02,20.32,27.68
prod01687,fashion,560.38,17.15,93.29
prod01688,home_&_kitchen,923.03,22.58,32.79
prod01689,fashion,738.45,6.28,47.48
prod01690,books,339.64,37.22,1.2
prod01691,toys,555.05,30.92,48.5
prod01692,toys,89.98,39.04,51.8
prod01693,toys,616.12,13.28,48.35
prod01694,home_&_kitchen,432.0,7.62,10.62
prod01695,sports,838.29,13.39,19.5
prod01696,books,507.39,31.91,6.19
prod01697,electronics,578.92,9.17,3.65
prod01698,electronics,57.48,34.2,11.8
prod01699,electronics,49.93,20.33,84.4
prod01700,home_&_kitchen,266.1,19.76,3.99
prod01701,toys,451.83,25.22,57.09
prod01702,automotive,335.76,16.04,10.66
prod01703,automotive,369.96,8.48,76.66
prod01704,home_&_kitchen,966.44,38.95,86.51
prod01705,home_&_kitchen,602.79,29.53,28.52
prod01706,toys,632.62,20.95,48.2
prod01707,toys,758.99,14.87,31.8
prod01708,home_&_kitchen,925.02,6.97,48.56
prod01709,books,913.24,26.36,54.64
prod01710,beauty,253.5,17.01,85.2
prod01711,toys,561.42,23.02,9.96
prod01712,automotive,20.95,38.73,37.7
prod01713,beauty,605.2,7.79,68.31
prod01714,automotive,932.9,25.15,12.61
prod01715,electronics,583.81,31.82,40.64
prod01716,toys,880.44,27.7,89.92
prod01717,toys,625.39,9.6,30.97
prod01718,fashion,205.79,36.81,76.04
prod01719,books,678.02,15.53,18.4
prod01720,beauty,757.67,21.6,22.58
prod01721,electronics,618.54,6.41,32.62
prod01722,automotive,471.21,10.18,98.47
prod01723,beauty,213.05,9.56,20.35
prod01724,sports,770.22,19.89,56.54
prod01725,electronics,25.9,6.21,44.58
prod01726,automotive,817.57,35.98,8.67
prod01727,home_&_kitchen,540.67,36.96,38.8
prod01728,books,830.42,9.68,93.54
prod01729,home_&_kitchen,752.67,37.95,67.66
prod01730,sports,366.59,37.84,27.56
prod01731,electronics,335.51,29.53,76.53
prod01732,fashion,929.76,12.17,79.8
prod01733,sports,739.85,7.23,38.72
prod01734,electronics,286.35,15.66,98.29
prod01735,automotive,644.56,30.12,97.66
prod01736,toys,380.32,33.06,43.45
prod01737,books,870.19,11.32,94.77
prod01738,home_&_kitchen,222.68,16.42,75.62
prod01739,books,396.79,26.29,44.46
prod01740,sports,743.66,12.99,5.85
prod01741,books,303.43,21.6,16.8
prod01742,automotive,358.02,19.0,5.74
prod01743,electronics,585.39,35.95,15.17
prod01744,home_&_kitchen,599.82,28.27,41.93
prod01745,sports,702.59,19.38,50.46
prod01746,toys,12.32,29.21,66.13
prod01747,automotive,43.21,17.89,97.9
prod01748,books,423.63,22.57,90.99
prod01749,toys,718.68,25.37,79.78
prod01750,home_&_kitchen,865.04,20.99,47.51
prod01751,automotive,389.12,38.83,69.72
prod01752,toys,87.81,35.2,48.06
prod01753,toys,73.41,24.24,41.72
prod01754,beauty,878.36,12.14,82.65
prod01755,automotive,559.9,6.91,97.18
prod01756,sports,515.05,15.18,46.94
prod01757,sports,858.57,15.67,19.27
prod01758,beauty,133.43,15.43,78.0
prod01759,beauty,474.27,12.96,16.62
prod01760,sports,336.07,37.9,34.3
prod01761,beauty,988.18,21.98,17.92
prod01762,beauty,891.68,21.11,70.97
prod01763,sports,983.79,6.76,9.67
prod01764,automotive,721.85,14.86,18.43
prod01765,toys,44.17,5.76,77.45
prod01766,automotive,138.76,21.37,60.59
prod01767,toys,431.21,5.95,78.35
prod01768,beauty,15.46,31.67,89.33
prod01769,beauty,435.68,23.74,47.7
prod01770,fashion,392.26,36.06,89.39
prod01771,books,339.14,26.53,92.69
prod01772,books,962.25,22.81,45.28
prod01773,toys,282.3,38.56,14.28
prod01774,home_&_kitchen,581.93,14.89,27.9
prod01775,beauty,407.94,39.96,5.5
prod01776,electronics,580.65,7.89,15.45
prod01777,beauty,442.37,22.87,25.88
prod01778,fashion,319.87,8.04,30.32
prod01779,toys,966.73,38.06,33.49
prod01780,automotive,573.0,36.84,0.62
prod01781,beauty,811.63,38.19,9.13
prod01782,automotive,165.64,38.63,53.75
prod01783,sports,19.13,14.02,44.99
prod01784,sports,694.44,30.66,99.54
prod01785,beauty,291.07,23.84,53.33
prod01786,beauty,408.62,10.92,97.75
prod01787,home_&_kitchen,854.05,22.44,60.32
prod01788,fashion,231.12,24.03,69.5
prod01789,sports,517.59,39.66,61.13
prod01790,sports,374.12,32.03,17.05
prod01791,electronics,387.59,17.14,43.18
prod01792,sports,782.87,21.95,79.4
prod01793,sports,578.61,16.97,81.0
prod01794,electronics,242.1,12.85,50.45
prod01795,fashion,264.54,5.32,64.83
prod01796,books,513.54,20.59,96.7
prod01797,toys,573.34,35.22,13.95
prod01798,automotive,571.36,35.38,58.31
prod01799,fashion,719.42,18.02,9.24
prod01800,home_&_kitchen,460.61,18.81,86.71
prod01801,electronics,247.78,38.84,95.81
prod01802,home_&_kitchen,251.39,17.18,89.56
prod01803,books,966.79,20.52,32.1
prod01804,automotive,528.46,29.07,27.35
prod01805,automotive,737.79,6.81,4.93
prod01806,sports,389.36,17.37,31.56
prod01807,beauty,493.56,16.23,19.23
prod01808,toys,312.92,39.12,41.11
prod01809,beauty,447.49,25.18,98.33
prod01810,electronics,245.39,28.84,71.6
prod01811,fashion,609.29,8.1,67.69
prod01812,sports,68.77,25.86,73.96
prod01813,electronics,214.92,34.46,3.04
prod01814,home_&_kitchen,844.59,21.11,21.76
prod01815,books,138.11,38.37,7.27
prod01816,home_&_kitchen,203.1,17.17,62.02
prod01817,electronics,547.08,9.4,28.97
prod01818,books,242.56,12.47,41.11
prod01819,automotive,705.51,12.61,36.67
prod01820,home_&_kitchen,393.96,39.18,95.47
prod01821,beauty,801.14,13.46,6.8
prod01822,electronics,320.32,14.34,50.59
prod01823,electronics,778.84,35.04,84.49
prod01824,beauty,362.88,29.05,31.28
prod01825,fashion,65.6,29.55,0.98
prod01826,toys,412.14,16.53,69.34
prod01827,beauty,767.41,15.64,81.16
prod01828,automotive,297.45,20.62,72.7
prod01829,automotive,694.46,39.56,22.52
prod01830,home_&_kitchen,664.01,26.34,91.51
prod01831,automotive,160.58,31.31,56.83
prod01832,beauty,278.29,21.61,33.38
prod01833,sports,581.42,36.12,56.93
prod01834,fashion,633.56,23.16,5.12
prod01835,toys,236.69,22.22,31.02
prod01836,home_&_kitchen,185.85,22.64,32.28
prod01837,automotive,261.82,21.24,13.33
prod01838,beauty,928.11,35.37,70.76
prod01839,home_&_kitchen,110.68,32.16,80.8
prod01840,electronics,768.93,8.99,64.39
prod01841,toys,835.15,25.21,64.64
prod01842,beauty,461.07,23.5,3.44
prod01843,sports,640.77,7.85,43.5
prod01844,home_&_kitchen,296.19,24.09,13.34
prod01845,books,693.19,32.83,16.34
prod01846,books,108.79,10.09,87.71
prod01847,toys,530.55,21.35,10.67
prod01848,fashion,651.31,35.38,82.82
prod01849,books,627.92,7.63,11.24
prod01850,fashion,54.06,14.01,13.57
prod01851,home_&_kitchen,263.75,18.48,94.3
prod01852,home_&_kitchen,612.32,34.22,71.04
prod01853,automotive,116.94,30.76,27.51
prod01854,toys,640.91,16.93,99.77
prod01855,sports,267.23,14.77,93.07
prod01856,electronics,29.52,29.38,72.53
prod01857,beauty,837.2,39.11,97.56
prod01858,books,69.95,33.76,64.63
prod01859,sports,649.11,9.49,65.02
prod01860,automotive,982.57,36.91,43.91
prod01861,beauty,44.75,17.68,82.64
prod01862,toys,702.99,21.08,5.51
prod01863,beauty,429.76,21.42,92.86
prod01864,electronics,642.88,15.91,52.53
prod01865,beauty,70.73,39.04,36.01
prod01866,toys,480.48,17.43,68.25
prod01867,sports,663.92,30.04,26.81
prod01868,electronics,319.09,9.38,65.55
prod01869,fashion,44.6,25.92,86.97
prod01870,automotive,891.38,20.72,45.93
prod01871,beauty,81.58,28.48,82.13
prod01872,home_&_kitchen,248.43,19.75,83.88
prod01873,books,877.73,13.51,55.06
prod01874,beauty,196.53,8.57,91.11
prod01875,fashion,821.4,31.6,4.88
prod01876,beauty,844.51,20.33,34.24
prod01877,toys,548.74,8.2,75.66
prod01878,sports,584.52,11.53,18.82
prod01879,sports,188.33,7.0,58.78
prod01880,home_&_kitchen,841.15,5.61,4.9
prod01881,automotive,574.91,33.68,32.67
prod01882,home_&_kitchen,352.87,25.87,27.42
prod01883,automotive,31.48,30.73,62.56
prod01884,toys,582.85,30.96,67.52
prod01885,books,209.85,17.34,12.61
prod01886,automotive,134.21,28.67,85.86
prod01887,sports,962.92,26.99,18.41
prod01888,sports,110.12,33.45,57.88
prod01889,fashion,620.19,32.35,70.33
prod01890,automotive,835.29,6.97,74.75
prod01891,toys,851.6,15.01,64.04
prod01892,fashion,317.59,38.53,3.34
prod01893,fashion,581.89,10.83,71.22
prod01894,electronics,180.01,13.24,49.44
prod01895,sports,915.26,12.41,14.42
prod01896,home_&_kitchen,760.18,22.52,91.18
prod01897,home_&_kitchen,150.88,27.61,23.29
prod01898,toys,160.98,28.92,59.37
prod01899,automotive,756.05,15.83,44.8
prod01900,fashion,408.44,39.44,29.22
prod01901,sports,298.34,17.41,56.46
prod01902,automotive,256.06,37.04,26.57
prod01903,fashion,896.34,8.62,65.66
prod01904,automotive,907.45,10.91,96.83
prod01905,electronics,455.62,38.1,67.68
prod01906,automotive,305.08,11.59,30.37
prod01907,home_&_kitchen,97.55,10.04,10.47
prod01908,books,425.83,32.85,14.14
prod01909,automotive,134.67,27.52,19.72
prod01910,electronics,102.12,10.84,92.37
prod01911,automotive,822.36,17.39,65.58
prod01912,beauty,539.59,28.7,68.27
prod01913,electronics,630.59,14.31,3.9
prod01914,books,458.29,36.18,56.95
prod01915,beauty,833.23,39.71,16.36
prod01916,electronics,693.32,28.6,98.0
prod01917,sports,985.67,29.03,24.36
prod01918,fashion,799.56,8.75,78.07
prod01919,electronics,910.65,18.4,63.06
prod01920,books,432.99,20.32,31.04
prod01921,toys,763.32,37.77,94.08
prod01922,fashion,178.91,35.62,73.74
prod01923,electronics,256.57,7.35,26.8
prod01924,fashion,912.65,27.16,72.11
prod01925,automotive,260.87,30.18,2.81
prod01926,electronics,378.44,26.94,14.61
prod01927,beauty,823.89,13.23,65.23
prod01928,books,408.17,25.86,10.75
prod01929,home_&_kitchen,21.83,36.83,26.96
prod01930,home_&_kitchen,820.58,39.98,21.14
prod01931,books,268.84,28.2,96.54
prod01932,toys,916.24,22.6,79.51
prod01933,books,140.07,39.21,96.44
prod01934,automotive,167.91,15.48,10.02
prod01935,books,275.36,33.56,37.83
prod01936,books,92.95,16.98,98.14
prod01937,fashion,631.54,19.57,16.65
prod01938,home_&_kitchen,986.25,33.73,28.15
prod01939,toys,74.72,6.98,12.04
prod01940,fashion,582.86,37.51,49.67
prod01941,home_&_kitchen,843.73,20.61,70.86
prod01942,books,733.21,11.09,36.12
prod01943,home_&_kitchen,639.12,7.47,36.15
prod01944,sports,537.13,39.87,47.45
prod01945,electronics,816.98,20.12,79.64
prod01946,electronics,597.44,36.03,41.09
prod01947,beauty,606.28,27.05,41.74
prod01948,automotive,148.59,8.27,1.67
prod01949,books,874.17,13.28,21.15
prod01950,books,737.36,16.2,50.6
prod01951,sports,166.7,38.59,85.16
prod01952,sports,864.47,19.24,76.24
prod01953,automotive,148.16,5.3,2.0
prod01954,toys,588.67,20.94,51.8
prod01955,home_&_kitchen,12.43,19.79,71.81
prod01956,beauty,445.48,30.63,23.3
prod01957,sports,814.08,25.6,21.08
prod01958,fashion,240.54,26.98,82.99
prod01959,electronics,418.55,14.04,86.7
prod01960,books,670.92,20.68,48.79
prod01961,electronics,208.24,26.94,35.87
prod01962,sports,995.67,21.81,48.59
prod01963,sports,568.02,37.09,80.08
prod01964,fashion,453.87,30.15,58.62
prod01965,fashion,494.91,11.73,46.39
prod01966,electronics,249.59,37.02,33.54
prod01967,automotive,952.5,23.66,63.15
prod01968,electronics,545.23,9.53,37.58
prod01969,sports,103.65,26.8,44.69
prod01970,electronics,779.1,12.72,16.46
prod01971,books,409.3,37.43,71.04
prod01972,automotive,421.83,23.1,8.42
prod01973,sports,984.65,28.32,28.54
prod01974,sports,587.88,8.83,96.58
prod01975,electronics,178.91,27.68,24.55
prod01976,home_&_kitchen,718.97,32.19,67.34
prod01977,beauty,616.43,36.24,7.86
prod01978,sports,334.26,13.69,98.8
prod01979,toys,392.44,30.64,68.47
prod01980,toys,216.02,13.36,28.13
prod01981,sports,414.07,13.2,1.97
prod01982,beauty,880.0,38.8,34.16
prod01983,home_&_kitchen,341.81,5.25,68.03
prod01984,sports,826.31,10.13,15.97
prod01985,books,791.13,26.57,4.49
prod01986,beauty,624.43,15.81,36.87
prod01987,beauty,770.88,33.38,40.04
prod01988,electronics,947.42,19.23,77.18
prod01989,home_&_kitchen,486.46,36.41,90.78
prod01990,books,91.98,37.78,82.55
prod01991,automotive,792.35,12.03,80.51
prod01992,electronics,850.88,15.12,95.23
prod01993,toys,54.61,10.25,53.76
prod01994,books,577.91,27.58,1.7
prod01995,toys,960.56,6.56,14.31
prod01996,books,18.94,24.84,93.23
prod01997,books,667.62,33.79,1.33
prod01998,home_&_kitchen,544.31,21.08,49.9
prod01999,beauty,76.85,28.96,50.32
prod02000,books,766.32,21.99,14.94
